<?xml version="1.0" encoding="UTF-8"?>
<Configuration status="ERROR">
    <Appenders>
        <Console name="Console" target="SYSTEM_OUT">
            <PatternLayout pattern="%d{HH:mm:ss.SSS} %c{1} - %msg%n"/>
        </Console>
    </Appenders>
    <Loggers>
        <Root level="DEBUG">
            <AppenderRef ref="Console"/>
        </Root>
        <Logger name="org.springframework" level="ERROR" additivity="false">
            <AppenderRef ref="Console"/>
        </Logger>
        <Logger name="org.apache" level="ERROR" additivity="false">
            <AppenderRef ref="Console"/>
        </Logger>
        <Logger name="org.hibernate" level="ERROR" additivity="false">
            <AppenderRef ref="Console"/>
        </Logger>
    </Loggers>
</Configuration>