<!--
   Licensed to the Apache Software Foundation (ASF) under one or more
   contributor license agreements.  See the NOTICE file distributed with
   this work for additional information regarding copyright ownership.
   The ASF licenses this file to You under the Apache License, Version 2.0
   (the "License"); you may not use this file except in compliance with
   the License.  You may obtain a copy of the License at

       http://www.apache.org/licenses/LICENSE-2.0

   Unless required by applicable law or agreed to in writing, software
   distributed under the Li2cense is distributed on an "AS IS" BASIS,
   WITHOUT WARRANTIES OR CONDITIONS OF ANY KIND, either express or implied.
   See the License for the specific language governing permissions and
   limitations under the License.
-->
<assembly xmlns="http://maven.apache.org/plugins/maven-assembly-plugin/assembly/1.1.3"
  xmlns:xsi="http://www.w3.org/2001/XMLSchema-instance"
  xsi:schemaLocation="http://maven.apache.org/plugins/maven-assembly-plugin/assembly/1.1.3 http://maven.apache.org/xsd/assembly-1.1.3.xsd">
  <id>hadoop-tools</id>
  <formats>
    <format>dir</format>
  </formats>
  <includeBaseDirectory>false</includeBaseDirectory>
  <fileSets>
    <fileSet>
      <directory>../hadoop-archive-logs/src/main/shellprofile.d</directory>
      <includes>
        <include>*</include>
      </includes>
      <outputDirectory>/libexec/shellprofile.d</outputDirectory>
      <fileMode>0755</fileMode>
    </fileSet>
    <fileSet>
      <directory>../hadoop-archives/src/main/shellprofile.d</directory>
      <includes>
        <include>*</include>
      </includes>
      <outputDirectory>/libexec/shellprofile.d</outputDirectory>
      <fileMode>0755</fileMode>
    </fileSet>
    <fileSet>
      <directory>../hadoop-distcp/src/main/shellprofile.d</directory>
      <includes>
        <include>*</include>
      </includes>
      <outputDirectory>/libexec/shellprofile.d</outputDirectory>
      <fileMode>0755</fileMode>
    </fileSet>
    <fileSet>
      <directory>../hadoop-federation-balance/src/main/shellprofile.d</directory>
      <includes>
        <include>*</include>
      </includes>
      <outputDirectory>/libexec/shellprofile.d</outputDirectory>
      <fileMode>0755</fileMode>
    </fileSet>
    <fileSet>
      <directory>../hadoop-extras/src/main/shellprofile.d</directory>
      <includes>
        <include>*</include>
      </includes>
      <outputDirectory>/libexec/shellprofile.d</outputDirectory>
      <fileMode>0755</fileMode>
    </fileSet>
    <fileSet>
      <directory>../hadoop-pipes/src/main/native/pipes/api/hadoop</directory>
      <includes>
        <include>*.hh</include>
      </includes>
      <outputDirectory>/include</outputDirectory>
    </fileSet>
    <fileSet>
      <directory>../hadoop-pipes/src/main/native/utils/api/hadoop</directory>
      <includes>
        <include>*.hh</include>
      </includes>
      <outputDirectory>/include</outputDirectory>
    </fileSet>
    <fileSet>
      <directory>../hadoop-pipes/target/native</directory>
      <includes>
        <include>*.a</include>
      </includes>
      <outputDirectory>lib/native</outputDirectory>
    </fileSet>
    <fileSet>
      <directory>../hadoop-pipes/target/native/examples</directory>
      <includes>
        <include>*</include>
      </includes>
      <outputDirectory>lib/native/examples</outputDirectory>
    </fileSet>
    <fileSet>
      <directory>../hadoop-archives/target</directory>
      <outputDirectory>/share/hadoop/${hadoop.component}/sources</outputDirectory>
      <includes>
        <include>*-sources.jar</include>
      </includes>
    </fileSet>
    <fileSet>
      <directory>../hadoop-archive-logs/target</directory>
      <outputDirectory>/share/hadoop/${hadoop.component}/sources</outputDirectory>
      <includes>
        <include>*-sources.jar</include>
      </includes>
    </fileSet>
    <fileSet>
      <directory>../hadoop-datajoin/target</directory>
      <outputDirectory>/share/hadoop/${hadoop.component}/sources</outputDirectory>
      <includes>
        <include>*-sources.jar</include>
      </includes>
    </fileSet>
    <fileSet>
      <directory>../hadoop-distcp/target</directory>
      <outputDirectory>/share/hadoop/${hadoop.component}/sources</outputDirectory>
      <includes>
        <include>*-sources.jar</include>
      </includes>
    </fileSet>
    <fileSet>
      <directory>../hadoop-federation-balance/target</directory>
      <outputDirectory>/share/hadoop/${hadoop.component}/sources</outputDirectory>
      <includes>
        <include>*-sources.jar</include>
      </includes>
    </fileSet>
    <fileSet>
      <directory>../hadoop-extras/target</directory>
      <outputDirectory>/share/hadoop/${hadoop.component}/sources</outputDirectory>
      <includes>
        <include>*-sources.jar</include>
      </includes>
    </fileSet>
    <fileSet>
      <directory>../hadoop-gridmix/target</directory>
      <outputDirectory>/share/hadoop/${hadoop.component}/sources</outputDirectory>
      <includes>
        <include>*-sources.jar</include>
      </includes>
    </fileSet>
    <fileSet>
      <directory>../hadoop-gridmix/src/main/shellprofile.d</directory>
      <includes>
        <include>*</include>
      </includes>
      <outputDirectory>/libexec/shellprofile.d</outputDirectory>
      <fileMode>0755</fileMode>
    </fileSet>
    <fileSet>
      <directory>../hadoop-rumen/target</directory>
      <outputDirectory>/share/hadoop/${hadoop.component}/sources</outputDirectory>
      <includes>
        <include>*-sources.jar</include>
      </includes>
    </fileSet>
    <fileSet>
      <directory>../hadoop-rumen/src/main/shellprofile.d</directory>
      <includes>
        <include>*</include>
      </includes>
      <outputDirectory>/libexec/shellprofile.d</outputDirectory>
      <fileMode>0755</fileMode>
    </fileSet>
    <fileSet>
      <directory>../hadoop-streaming/target</directory>
      <outputDirectory>/share/hadoop/${hadoop.component}/sources</outputDirectory>
      <includes>
        <include>*-sources.jar</include>
      </includes>
    </fileSet>
    <fileSet>
      <directory>../hadoop-streaming/src/main/shellprofile.d</directory>
      <includes>
        <include>*</include>
      </includes>
      <outputDirectory>/libexec/shellprofile.d</outputDirectory>
      <fileMode>0755</fileMode>
    </fileSet>
    <fileSet>
      <directory>../hadoop-sls/target</directory>
      <outputDirectory>/share/hadoop/${hadoop.component}/sources</outputDirectory>
      <includes>
        <include>*-sources.jar</include>
      </includes>
    </fileSet>
    <fileSet>
      <directory>../hadoop-sls/target/hadoop-sls-${project.version}/sls</directory>
      <outputDirectory>/share/hadoop/${hadoop.component}/sls</outputDirectory>
    </fileSet>
    <fileSet>
      <directory>../hadoop-resourceestimator/target</directory>
      <outputDirectory>/share/hadoop/${hadoop.component}/sources</outputDirectory>
      <includes>
        <include>*-sources.jar</include>
      </includes>
    </fileSet>
    <fileSet>
      <directory>../hadoop-resourceestimator/target/hadoop-resourceestimator-${project.version}/resourceestimator</directory>
      <outputDirectory>/share/hadoop/${hadoop.component}/resourceestimator</outputDirectory>
    </fileSet>
    <fileSet>
      <directory>../hadoop-aws/src/main/bin</directory>
      <outputDirectory>/bin</outputDirectory>
      <fileMode>0755</fileMode>
    </fileSet>
    <fileSet>
      <directory>../hadoop-aws/src/main/shellprofile.d</directory>
      <includes>
        <include>*</include>
      </includes>
      <outputDirectory>/libexec/shellprofile.d</outputDirectory>
      <fileMode>0755</fileMode>
    </fileSet>
  </fileSets>
  <dependencySets>
    <dependencySet>
      <outputDirectory>/share/hadoop/${hadoop.component}/lib</outputDirectory>
      <unpack>false</unpack>
      <scope>runtime</scope>
      <useProjectArtifact>false</useProjectArtifact>
      <!-- Exclude hadoop artifacts. They will be found via HADOOP* env -->
      <excludes>
        <exclude>org.apache.hadoop:hadoop-common</exclude>
        <exclude>org.apache.hadoop:hadoop-hdfs</exclude>
        <exclude>org.apache.hadoop:hadoop-client</exclude>
        <!-- pipes is native stuff, this just keeps pom from being package-->
        <exclude>org.apache.hadoop:hadoop-pipes</exclude>
        <!-- use slf4j from common to avoid multiple binding warnings -->
        <exclude>org.slf4j:slf4j-api</exclude>
        <exclude>org.slf4j:slf4j-log4j12</exclude>
      </excludes>
    </dependencySet>
  </dependencySets>
</assembly>
